{
  "nodes": {
    "Howey" : [33.778185, -84.399164],
    "Dodd"  : [33.771247, -84.392137],
    "Coda"  : [33.775144, -84.387341],
    "Crc"   : [33.779674, -84.407479]
  }
}